ext data,47596210,0,0,0,0,171,79
ext data,47596220,0,0,0,0,168,77
ext data,47596230,0,0,0,0,165,75
ext data,47596240,0,0,0,0,162,73
ext data,47596250,0,0,0,0,159,72
ext data,47596260,0,0,0,0,154,76
ext data,47596270,0,0,0,0,145,84
ext data,47596280,0,0,0,0,137,85
ext data,47596290,0,0,0,0,130,84
ext data,47596300,0,0,0,0,124,81
ext data,47596310,0,0,0,0,122,76
ext data,47596320,0,0,0,0,118,80
ext data,47596330,0,0,0,0,113,85
ext data,47596340,0,0,0,0,104,95
ext data,47596350,0,0,0,0,103,98
ext data,47596360,0,0,0,0,108,80
ext data,47596370,0,0,0,0,108,74
ext data,47596380,0,0,0,0,110,118
ext data,47596390,0,0,0,0,111,179
ext data,47596400,0,0,0,0,113,165
ext data,47596410,0,0,0,0,118,150
ext data,47596420,0,0,0,0,124,135
ext data,47596430,0,0,0,0,125,124
ext data,47596440,0,0,0,0,127,116
ext data,47596450,0,0,0,0,125,118
ext data,47596460,0,0,0,0,117,137
ext data,47596470,0,0,0,0,113,146
ext data,47596480,0,0,0,0,115,129
ext data,47596490,0,0,0,0,113,129
ext data,47596500,0,0,0,0,108,128
ext data,47596510,0,0,0,0,107,137
ext data,47596520,0,0,0,0,111,137
ext data,47596530,0,0,0,0,123,110
ext data,47596540,0,0,0,0,126,98
ext data,47596550,0,0,0,0,131,113
ext data,47596560,0,0,0,0,142,127
ext data,47596570,0,0,0,0,149,133
ext data,47596580,0,0,0,0,151,136
ext data,47596590,0,0,0,0,152,140
ext data,47596600,0,0,0,0,151,116
ext data,47596610,0,0,0,0,150,95
ext data,47596620,0,0,0,0,145,78
ext data,47596630,0,0,0,0,146,66
ext data,47596640,0,0,0,0,146,58
ext data,47596650,0,0,0,0,139,54
ext data,47596660,0,0,0,0,133,49
ext data,47596670,0,0,0,0,127,56
ext data,47596680,0,0,0,0,124,71
ext data,47596690,0,0,0,0,119,84
ext data,47596700,0,0,0,0,117,94
ext data,47596710,0,0,0,0,118,99
ext data,47596720,0,0,0,0,119,90
ext data,47596730,0,0,0,0,118,110
ext data,47596740,0,0,0,0,112,126
ext data,47596750,0,0,0,0,107,141
ext data,47596760,0,0,0,0,106,151
ext data,47596770,0,0,0,0,104,159
ext data,47596780,0,0,0,0,107,160
ext data,47596790,0,0,0,0,106,139
ext data,47596800,0,0,0,0,104,147
ext data,47596810,0,0,0,0,91,150
ext data,47596820,0,0,0,0,82,166
ext data,47596830,0,0,0,0,83,180
ext data,47596840,0,0,0,0,83,159
ext data,47596850,0,0,0,0,92,150
ext data,47596860,0,0,0,0,100,131
ext data,47596870,0,0,0,0,103,114
ext data,47596880,0,0,0,0,107,97
ext data,47596890,0,0,0,0,115,85
ext data,47596900,0,0,0,0,116,75
ext data,47596910,0,0,0,0,114,65
ext data,47596920,0,0,0,0,116,55
ext data,47596930,0,0,0,0,115,47
ext data,47596940,0,0,0,0,108,39
ext data,47596950,0,0,0,0,100,32
ext data,47596960,0,0,0,0,94,25
ext data,47596970,0,0,0,0,94,20
ext data,47596980,0,0,0,0,92,16
ext data,47596990,0,0,0,0,90,13
ext data,47597000,0,0,0,0,89,12
ext data,47597010,0,0,0,0,88,9
ext data,47597020,0,0,0,0,88,8
ext data,47597030,0,0,0,0,95,7
ext data,47597040,0,0,0,0,98,10
ext data,47597050,0,0,0,0,96,14
ext data,47597060,0,0,0,0,95,17
ext data,47597070,0,0,0,0,94,18
ext data,47597080,0,0,0,0,91,18
ext data,47597090,0,0,0,0,82,18
ext data,47597100,0,0,0,0,77,20
ext data,47597110,0,0,0,0,79,22
ext data,47597120,0,0,0,0,85,21
ext data,47597130,0,0,0,0,94,20
ext data,47597140,0,0,0,0,99,21
ext data,47597150,0,0,0,0,100,22
ext data,47597160,0,0,0,0,103,25
ext data,47597170,0,0,0,0,111,28
ext data,47597180,0,0,0,0,116,32
ext data,47597190,0,0,0,0,114,36
ext data,47597200,0,0,0,0,116,32
ext data,47597210,0,0,0,0,119,25
ext data,47597220,0,0,0,0,119,21
ext data,47597230,0,0,0,0,121,17
ext data,47597240,0,0,0,0,126,15
ext data,47597250,0,0,0,0,135,13
ext data,47597260,0,0,0,0,144,11
ext data,47597270,0,0,0,0,149,11
ext data,47597280,0,0,0,0,155,10
ext data,47597290,0,0,0,0,158,10
ext data,47597300,0,0,0,0,160,10
ext data,47597310,0,0,0,0,164,10
ext data,47597320,0,0,0,0,165,10
ext data,47597330,0,0,0,0,163,9
ext data,47597340,0,0,0,0,155,11
ext data,47597350,0,0,0,0,154,13
ext data,47597360,0,0,0,0,158,11
ext data,47597370,0,0,0,0,163,10
ext data,47597380,0,0,0,0,170,8
ext data,47597390,0,0,0,0,174,7
ext data,47597400,0,0,0,0,178,6
ext data,47597410,0,0,0,0,182,5
ext data,47597420,0,0,0,0,180,5
ext data,47597430,0,0,0,0,180,4
ext data,47597440,0,0,0,0,177,5
ext data,47597450,0,0,0,0,174,4
ext data,47597460,0,0,0,0,173,3
ext data,47597470,0,0,0,0,171,4
ext data,47597480,0,0,0,0,171,3
ext data,47597490,0,0,0,0,170,3
ext data,47597500,0,0,0,0,168,3
ext data,47597510,0,0,0,0,167,2
ext data,47597520,0,0,0,0,166,3
ext data,47597530,0,0,0,0,170,2
ext data,47597540,0,0,0,0,170,3
ext data,47597550,0,0,0,0,169,3
ext data,47597560,0,0,0,0,168,4
ext data,47597570,0,0,0,0,165,5
ext data,47597580,0,0,0,0,162,6
ext data,47597590,0,0,0,0,160,6
ext data,47597600,0,0,0,0,160,6
ext data,47597610,0,0,0,0,156,4
ext data,47597620,0,0,0,0,150,4
ext data,47597630,0,0,0,0,147,3
ext data,47597640,0,0,0,0,147,3
ext data,47597650,0,0,0,0,145,3
ext data,47597660,0,0,0,0,146,2
ext data,47597670,0,0,0,0,155,2
ext data,47597680,0,0,0,0,164,2
ext data,47597690,0,0,0,0,178,2
ext data,47597700,0,0,0,0,185,2
ext data,47597710,0,0,0,0,191,2
ext data,47597720,0,0,0,0,195,4
ext data,47597730,0,0,0,0,194,4
ext data,47597740,0,0,0,0,191,5
ext data,47597750,0,0,0,0,191,6
ext data,47597760,0,0,0,0,192,7
ext data,47597770,0,0,0,0,184,9
ext data,47597780,0,0,0,0,171,8
ext data,47597790,0,0,0,0,161,7
ext data,47597800,0,0,0,0,159,6
ext data,47597810,0,0,0,0,163,4
ext data,47597820,0,0,0,0,164,4
ext data,47597830,0,0,0,0,170,3
ext data,47597840,0,0,0,0,171,3
ext data,47597850,0,0,0,0,169,3
ext data,47597860,0,0,0,0,162,2
ext data,47597870,0,0,0,0,162,2
ext data,47597880,0,0,0,0,166,4
ext data,47597890,0,0,0,0,163,10
ext data,47597900,0,0,0,0,161,17
ext data,47597910,0,0,0,0,162,23
ext data,47597920,0,0,0,0,162,28
ext data,47597930,0,0,0,0,164,30
ext data,47597940,0,0,0,0,163,32
ext data,47597950,0,0,0,0,161,34
ext data,47597960,0,0,0,0,159,33
ext data,47597970,0,0,0,0,156,26
ext data,47597980,0,0,0,0,157,21
ext data,47597990,0,0,0,0,156,17
ext data,47598000,0,0,0,0,155,14
ext data,47598010,0,0,0,0,157,12
ext data,47598020,0,0,0,0,160,12
ext data,47598030,0,0,0,0,163,12
ext data,47598040,0,0,0,0,165,10
ext data,47598050,0,0,0,0,166,8
ext data,47598060,0,0,0,0,169,7
ext data,47598070,0,0,0,0,168,7
ext data,47598080,0,0,0,0,170,6
ext data,47598090,0,0,0,0,171,7
ext data,47598100,0,0,0,0,172,8
ext data,47598110,0,0,0,0,175,8
ext data,47598120,0,0,0,0,179,7
ext data,47598130,0,0,0,0,186,6
ext data,47598140,0,0,0,0,187,5
ext data,47598150,0,0,0,0,189,5
ext data,47598160,0,0,0,0,194,5
ext data,47598170,0,0,0,0,192,5
ext data,47598180,0,0,0,0,193,4
ext data,47598190,0,0,0,0,191,4
ext data,47598200,0,0,0,0,188,4
ext data,47598210,0,0,0,0,187,4
ext data,47598220,0,0,0,0,185,4
ext data,47598230,0,0,0,0,183,4
ext data,47598240,0,0,0,0,180,4
ext data,47598250,0,0,0,0,178,7
ext data,47598260,0,0,0,0,178,10
ext data,47598270,0,0,0,0,177,12
ext data,47598280,0,0,0,0,177,15
ext data,47598290,0,0,0,0,174,17
ext data,47598300,0,0,0,0,172,18
ext data,47598310,0,0,0,0,169,21
ext data,47598320,0,0,0,0,165,23
ext data,47598330,0,0,0,0,168,23
ext data,47598340,0,0,0,0,173,26
ext data,47598350,0,0,0,0,178,28
ext data,47598360,0,0,0,0,180,29
ext data,47598370,0,0,0,0,181,30
ext data,47598380,0,0,0,0,187,30
ext data,47598390,0,0,0,0,189,30
ext data,47598400,0,0,0,0,192,30
ext data,47598410,0,0,0,0,194,31
ext data,47598420,0,0,0,0,197,32
ext data,47598430,0,0,0,0,196,32
ext data,47598440,0,0,0,0,196,31
ext data,47598450,0,0,0,0,199,30
ext data,47598460,0,0,0,0,205,29
ext data,47598470,0,0,0,0,206,29
ext data,47598480,0,0,0,0,210,28
ext data,47598490,0,0,0,0,208,27
ext data,47598500,0,0,0,0,202,26
ext data,47598510,0,0,0,0,201,25
ext data,47598520,0,0,0,0,196,25
ext data,47598530,0,0,0,0,188,24
ext data,47598540,0,0,0,0,185,23
ext data,47598550,0,0,0,0,187,22
ext data,47598560,0,0,0,0,186,22
ext data,47598570,0,0,0,0,182,23
ext data,47598580,0,0,0,0,179,24
ext data,47598590,0,0,0,0,173,24
ext data,47598600,0,0,0,0,167,25
ext data,47598610,0,0,0,0,162,24
ext data,47598620,0,0,0,0,157,24
ext data,47598630,0,0,0,0,156,31
ext data,47598640,0,0,0,0,158,39
ext data,47598650,0,0,0,0,164,46
ext data,47598660,0,0,0,0,174,54
ext data,47598670,0,0,0,0,177,59
ext data,47598680,0,0,0,0,182,64
ext data,47598690,0,0,0,0,181,68
ext data,47598700,0,0,0,0,182,72
ext data,47598710,0,0,0,0,184,74
ext data,47598720,0,0,0,0,185,77
ext data,47598730,0,0,0,0,186,78
ext data,47598740,0,0,0,0,187,78
ext data,47598750,0,0,0,0,189,77
ext data,47598760,0,0,0,0,190,74
ext data,47598770,0,0,0,0,186,73
ext data,47598780,0,0,0,0,185,68
ext data,47598790,0,0,0,0,184,64
ext data,47598800,0,0,0,0,183,60
ext data,47598810,0,0,0,0,184,57
ext data,47598820,0,0,0,0,183,56
ext data,47598830,0,0,0,0,186,55
ext data,47598840,0,0,0,0,188,56
ext data,47598850,0,0,0,0,194,56
ext data,47598860,0,0,0,0,193,52
ext data,47598870,0,0,0,0,190,49
ext data,47598880,0,0,0,0,192,48
ext data,47598890,0,0,0,0,192,56
ext data,47598900,0,0,0,0,197,60
ext data,47598910,0,0,0,0,202,64
ext data,47598920,0,0,0,0,203,65
ext data,47598930,0,0,0,0,202,60
ext data,47598940,0,0,0,0,203,56
ext data,47598950,0,0,0,0,213,54
ext data,47598960,0,0,0,0,220,45
ext data,47598970,0,0,0,0,223,39
ext data,47598980,0,0,0,0,228,35
ext data,47598990,0,0,0,0,231,34
ext data,47599000,0,0,0,0,232,33
ext data,47599010,0,0,0,0,230,32
ext data,47599020,0,0,0,0,225,34
ext data,47599030,0,0,0,0,218,34
ext data,47599040,0,0,0,0,210,32
ext data,47599050,0,0,0,0,205,33
ext data,47599060,0,0,0,0,205,32
ext data,47599070,0,0,0,0,205,29
ext data,47599080,0,0,0,0,205,25
ext data,47599090,0,0,0,0,200,25
ext data,47599100,0,0,0,0,196,24
ext data,47599110,0,0,0,0,196,21
ext data,47599120,0,0,0,0,193,25
ext data,47599130,0,0,0,0,192,24
ext data,47599140,0,0,0,0,188,22
ext data,47599150,0,0,0,0,187,20
ext data,47599160,0,0,0,0,187,19
ext data,47599170,0,0,0,0,184,18
ext data,47599180,0,0,0,0,185,20
ext data,47599190,0,0,0,0,180,23
ext data,47599200,0,0,0,0,174,26
ext data,47599210,0,0,0,0,170,32
ext data,47599220,0,0,0,0,163,40
ext data,47599230,0,0,0,0,165,41
ext data,47599240,0,0,0,0,160,42
ext data,47599250,0,0,0,0,151,38
ext data,47599260,0,0,0,0,144,33
ext data,47599270,0,0,0,0,140,30
ext data,47599280,0,0,0,0,131,23
ext data,47599290,0,0,0,0,129,20
ext data,47599300,0,0,0,0,130,21
ext data,47599310,0,0,0,0,128,23
ext data,47599320,0,0,0,0,135,24
ext data,47599330,0,0,0,0,133,24
ext data,47599340,0,0,0,0,136,25
ext data,47599350,0,0,0,0,136,25
ext data,47599360,0,0,0,0,148,23
ext data,47599370,0,0,0,0,159,26
ext data,47599380,0,0,0,0,183,35
ext data,47599390,0,0,0,0,186,36
ext data,47599400,0,0,0,0,174,32
ext data,47599410,0,0,0,0,163,29
ext data,47599420,0,0,0,0,154,23
ext data,47599430,0,0,0,0,150,22
ext data,47599440,0,0,0,0,139,24
ext data,47599450,0,0,0,0,135,26
ext data,47599460,0,0,0,0,132,128
ext data,47599470,0,0,0,0,141,172
ext data,47599480,0,0,0,0,145,198
ext data,47599490,0,0,0,0,148,252
ext data,47599500,0,0,0,0,151,306
ext data,47599510,0,0,0,0,151,344
ext data,47599520,0,0,0,0,146,365
ext data,47599530,0,0,0,0,150,416
ext data,47599540,0,0,0,0,150,462
ext data,47599550,0,0,0,0,144,479
ext data,47599560,0,0,0,0,140,488
ext data,47599570,0,0,0,0,130,485
ext data,47599580,0,0,0,0,129,466
ext data,47599590,0,0,0,0,131,462
ext data,47599600,0,0,0,0,131,431
ext data,47599610,0,0,0,0,138,397
ext data,47599620,0,0,0,0,136,385
ext data,47599630,0,0,0,0,139,384
ext data,47599640,0,0,0,0,145,402
ext data,47599650,0,0,0,0,182,414
ext data,47599660,0,0,0,0,228,430
ext data,47599670,0,0,0,0,258,457
ext data,47599680,0,0,0,0,302,452
ext data,47599690,0,0,0,0,309,459
ext data,47599700,0,0,0,0,333,440
ext data,47599710,0,0,0,0,338,431
ext data,47599720,0,0,0,0,401,474
ext data,47599730,0,0,0,0,452,536
ext data,47599740,0,0,0,0,456,512
ext data,47599750,0,0,0,0,447,504
ext data,47599760,0,0,0,0,468,516
ext data,47599770,0,0,0,0,484,496
ext data,47599780,0,0,0,0,508,475
ext data,47599790,0,0,0,0,543,518
ext data,47599800,0,0,0,0,563,549
ext data,47599810,0,0,0,0,567,550
ext data,47599820,0,0,0,0,554,536
ext data,47599830,0,0,0,0,560,478
ext data,47599840,0,0,0,0,566,455
ext data,47599850,0,0,0,0,568,436
ext data,47599860,0,0,0,0,592,489
ext data,47599870,0,0,0,0,581,563
ext data,47599880,0,0,0,0,569,672
ext data,47599890,0,0,0,0,563,743
ext data,47599900,0,0,0,0,568,753
ext data,47599910,0,0,0,0,570,663
ext data,47599920,0,0,0,0,570,587
ext data,47599930,0,0,0,0,553,511
ext data,47599940,0,0,0,0,534,460
ext data,47599950,0,0,0,0,547,478
ext data,47599960,0,0,0,0,567,438
ext data,47599970,0,0,0,0,550,414
ext data,47599980,0,0,0,0,549,406
ext data,47599990,0,0,0,0,548,391
ext data,47600000,0,0,0,0,549,367
ext data,47600010,0,0,0,0,541,354
ext data,47600020,0,0,0,0,541,436
ext data,47600030,0,0,0,0,540,533
ext data,47600040,0,0,0,0,539,563
ext data,47600050,0,0,0,0,538,612
ext data,47600060,0,0,0,0,531,669
ext data,47600070,0,0,0,0,530,633
ext data,47600080,0,0,0,0,540,583
ext data,47600090,0,0,0,0,543,625
ext data,47600100,0,0,0,0,566,706
ext data,47600110,0,0,0,0,569,762
ext data,47600120,0,0,0,0,581,813
ext data,47600130,0,0,0,0,595,859
ext data,47600140,0,0,0,0,596,827
ext data,47600150,0,0,0,0,608,845
ext data,47600160,0,0,0,0,625,877
ext data,47600170,0,0,0,0,623,920
ext data,47600180,0,0,0,0,600,1000
ext data,47600190,0,0,0,0,580,1058
ext data,47600200,0,0,0,0,603,1096
ext data,47600210,0,0,0,0,600,1119
ext data,47600220,0,0,0,0,608,1102
ext data,47600230,0,0,0,0,602,1099
ext data,47600240,0,0,0,0,595,1177
ext data,47600250,0,0,0,0,592,1165
ext data,47600260,0,0,0,0,601,1200
ext data,47600270,0,0,0,0,611,1219
ext data,47600280,0,0,0,0,632,1222
ext data,47600290,0,0,0,0,657,1245
ext data,47600300,0,0,0,0,712,1255
ext data,47600310,0,0,0,0,738,1278
ext data,47600320,0,0,0,0,769,1284
ext data,47600330,0,0,0,0,830,1274
ext data,47600340,0,0,0,0,849,1322
ext data,47600350,0,0,0,0,867,1368
ext data,47600360,0,0,0,0,844,1406
ext data,47600370,0,0,0,0,844,1422
ext data,47600380,0,0,0,0,845,1438
ext data,47600390,0,0,0,0,884,1453
ext data,47600400,0,0,0,0,910,1491
ext data,47600410,0,0,0,0,937,1527
ext data,47600420,0,0,0,0,946,1569
ext data,47600430,0,0,0,0,928,1588
ext data,47600440,0,0,0,0,959,1626
ext data,47600450,0,0,0,0,982,1643
ext data,47600460,0,0,0,0,1063,1669
ext data,47600470,0,0,0,0,1092,1697
ext data,47600480,0,0,0,0,1115,1718
ext data,47600490,0,0,0,0,1131,1729
ext data,47600500,0,0,0,0,1148,1721
ext data,47600510,0,0,0,0,1171,1739
ext data,47600520,0,0,0,0,1193,1756
ext data,47600530,0,0,0,0,1228,1744
ext data,47600540,0,0,0,0,1291,1750
ext data,47600550,0,0,0,0,1366,1738
ext data,47600560,0,0,0,0,1434,1756
ext data,47600570,0,0,0,0,1495,1790
ext data,47600580,0,0,0,0,1500,1807
ext data,47600590,0,0,0,0,1518,1807
ext data,47600600,0,0,0,0,1543,1814
ext data,47600610,0,0,0,0,1541,1817
ext data,47600620,0,0,0,0,1564,1816
ext data,47600630,0,0,0,0,1567,1820
ext data,47600640,0,0,0,0,1577,1818
ext data,47600650,0,0,0,0,1581,1817
ext data,47600660,0,0,0,0,1596,1808
ext data,47600670,0,0,0,0,1589,1786
ext data,47600680,0,0,0,0,1594,1794
ext data,47600690,0,0,0,0,1610,1765
ext data,47600700,0,0,0,0,1587,1764
ext data,47600710,0,0,0,0,1579,1784
ext data,47600720,0,0,0,0,1596,1784
ext data,47600730,0,0,0,0,1612,1779
ext data,47600740,0,0,0,0,1621,1763
ext data,47600750,0,0,0,0,1605,1759
ext data,47600760,0,0,0,0,1577,1750
ext data,47600770,0,0,0,0,1586,1757
ext data,47600780,0,0,0,0,1601,1767
ext data,47600790,0,0,0,0,1594,1796
ext data,47600800,0,0,0,0,1582,1809
ext data,47600810,0,0,0,0,1583,1793
ext data,47600820,0,0,0,0,1570,1789
ext data,47600830,0,0,0,0,1561,1757
ext data,47600840,0,0,0,0,1548,1729
ext data,47600850,0,0,0,0,1537,1723
ext data,47600860,0,0,0,0,1529,1713
ext data,47600870,0,0,0,0,1552,1708
ext data,47600880,0,0,0,0,1564,1688
ext data,47600890,0,0,0,0,1540,1667
ext data,47600900,0,0,0,0,1528,1650
ext data,47600910,0,0,0,0,1505,1629
ext data,47600920,0,0,0,0,1460,1601
ext data,47600930,0,0,0,0,1452,1571
ext data,47600940,0,0,0,0,1413,1548
ext data,47600950,0,0,0,0,1379,1552
ext data,47600960,0,0,0,0,1358,1543
ext data,47600970,0,0,0,0,1340,1521
ext data,47600980,0,0,0,0,1330,1507
ext data,47600990,0,0,0,0,1330,1497
ext data,47601000,0,0,0,0,1316,1450
ext data,47601010,0,0,0,0,1321,1421
ext data,47601020,0,0,0,0,1302,1405
ext data,47601030,0,0,0,0,1268,1402
ext data,47601040,0,0,0,0,1231,1372
ext data,47601050,0,0,0,0,1249,1345
ext data,47601060,0,0,0,0,1266,1330
ext data,47601070,0,0,0,0,1276,1319
ext data,47601080,0,0,0,0,1271,1343
ext data,47601090,0,0,0,0,1262,1357
ext data,47601100,0,0,0,0,1278,1365
ext data,47601110,0,0,0,0,1299,1371
ext data,47601120,0,0,0,0,1287,1363
ext data,47601130,0,0,0,0,1253,1357
ext data,47601140,0,0,0,0,1193,1343
ext data,47601150,0,0,0,0,1151,1331
ext data,47601160,0,0,0,0,1134,1318
ext data,47601170,0,0,0,0,1101,1301
ext data,47601180,0,0,0,0,1073,1298
ext data,47601190,0,0,0,0,1079,1305
ext data,47601200,0,0,0,0,1081,1299
ext data,47601210,0,0,0,0,1054,1300
ext data,47601220,0,0,0,0,1034,1290
ext data,47601230,0,0,0,0,1029,1257
ext data,47601240,0,0,0,0,1043,1213
ext data,47601250,0,0,0,0,1051,1172
ext data,47601260,0,0,0,0,1079,1152
ext data,47601270,0,0,0,0,1099,1148
ext data,47601280,0,0,0,0,1130,1140
ext data,47601290,0,0,0,0,1186,1154
ext data,47601300,0,0,0,0,1205,1148
ext data,47601310,0,0,0,0,1212,1129
ext data,47601320,0,0,0,0,1198,1136
ext data,47601330,0,0,0,0,1171,1131
ext data,47601340,0,0,0,0,1154,1130
ext data,47601350,0,0,0,0,1154,1123
ext data,47601360,0,0,0,0,1137,1091
ext data,47601370,0,0,0,0,1128,1050
ext data,47601380,0,0,0,0,1122,1023
ext data,47601390,0,0,0,0,1132,977
ext data,47601400,0,0,0,0,1128,962
ext data,47601410,0,0,0,0,1102,933
ext data,47601420,0,0,0,0,1083,889
ext data,47601430,0,0,0,0,1078,877
ext data,47601440,0,0,0,0,1068,871
ext data,47601450,0,0,0,0,1112,848
ext data,47601460,0,0,0,0,1132,806
ext data,47601470,0,0,0,0,1129,783
ext data,47601480,0,0,0,0,1152,773
ext data,47601490,0,0,0,0,1186,732
ext data,47601500,0,0,0,0,1180,700
ext data,47601510,0,0,0,0,1120,660
ext data,47601520,0,0,0,0,1081,626
ext data,47601530,0,0,0,0,1061,589
ext data,47601540,0,0,0,0,1007,573
ext data,47601550,0,0,0,0,939,544
ext data,47601560,0,0,0,0,913,520
ext data,47601570,0,0,0,0,894,498
ext data,47601580,0,0,0,0,868,485
ext data,47601590,0,0,0,0,883,458
ext data,47601600,0,0,0,0,865,460
ext data,47601610,0,0,0,0,899,446
ext data,47601620,0,0,0,0,930,468
ext data,47601630,0,0,0,0,946,494
ext data,47601640,0,0,0,0,961,501
ext data,47601650,0,0,0,0,978,508
ext data,47601660,0,0,0,0,989,586
ext data,47601670,0,0,0,0,1059,684
ext data,47601680,0,0,0,0,1125,789
ext data,47601690,0,0,0,0,1236,927
ext data,47601700,0,0,0,0,1353,1118
ext data,47601710,0,0,0,0,1449,1366
ext data,47601720,0,0,0,0,1530,1567
ext data,47601730,0,0,0,0,1580,1704
ext data,47601740,0,0,0,0,1611,1791
ext data,47601750,0,0,0,0,1621,1834
ext data,47601760,0,0,0,0,1638,1861
ext data,47601770,0,0,0,0,1658,1870
ext data,47601780,0,0,0,0,1685,1873
ext data,47601790,0,0,0,0,1705,1880
ext data,47601800,0,0,0,0,1727,1879
ext data,47601810,0,0,0,0,1734,1889
ext data,47601820,0,0,0,0,1731,1882
ext data,47601830,0,0,0,0,1711,1847
ext data,47601840,0,0,0,0,1670,1822
ext data,47601850,0,0,0,0,1636,1795
ext data,47601860,0,0,0,0,1615,1768
ext data,47601870,0,0,0,0,1570,1713
ext data,47601880,0,0,0,0,1532,1694
ext data,47601890,0,0,0,0,1505,1704
ext data,47601900,0,0,0,0,1479,1643
ext data,47601910,0,0,0,0,1456,1550
ext data,47601920,0,0,0,0,1439,1483
ext data,47601930,0,0,0,0,1426,1445
ext data,47601940,0,0,0,0,1406,1440
ext data,47601950,0,0,0,0,1411,1421
ext data,47601960,0,0,0,0,1426,1388
ext data,47601970,0,0,0,0,1428,1371
ext data,47601980,0,0,0,0,1409,1342
ext data,47601990,0,0,0,0,1398,1314
ext data,47602000,0,0,0,0,1395,1269
ext data,47602010,0,0,0,0,1370,1211
ext data,47602020,0,0,0,0,1327,1151
ext data,47602030,0,0,0,0,1299,1111
ext data,47602040,0,0,0,0,1273,1068
ext data,47602050,0,0,0,0,1285,1036
ext data,47602060,0,0,0,0,1307,1016
ext data,47602070,0,0,0,0,1300,1000
ext data,47602080,0,0,0,0,1250,981
ext data,47602090,0,0,0,0,1202,947
ext data,47602100,0,0,0,0,1165,895
ext data,47602110,0,0,0,0,1111,849
ext data,47602120,0,0,0,0,1069,791
ext data,47602130,0,0,0,0,1027,756
ext data,47602140,0,0,0,0,951,732
ext data,47602150,0,0,0,0,920,701
ext data,47602160,0,0,0,0,906,665
ext data,47602170,0,0,0,0,844,612
ext data,47602180,0,0,0,0,814,572
ext data,47602190,0,0,0,0,806,534
ext data,47602200,0,0,0,0,777,491
ext data,47602210,0,0,0,0,753,537
ext data,47602220,0,0,0,0,707,619
ext data,47602230,0,0,0,0,676,564
ext data,47602240,0,0,0,0,644,557
ext data,47602250,0,0,0,0,606,644
ext data,47602260,0,0,0,0,565,592
ext data,47602270,0,0,0,0,533,503
ext data,47602280,0,0,0,0,511,544
ext data,47602290,0,0,0,0,489,608
ext data,47602300,0,0,0,0,471,554
ext data,47602310,0,0,0,0,438,470
ext data,47602320,0,0,0,0,413,373
ext data,47602330,0,0,0,0,383,297
ext data,47602340,0,0,0,0,354,285
ext data,47602350,0,0,0,0,381,377
ext data,47602360,0,0,0,0,410,464
ext data,47602370,0,0,0,0,374,528
ext data,47602380,0,0,0,0,341,565
ext data,47602390,0,0,0,0,325,631
ext data,47602400,0,0,0,0,283,640
ext data,47602410,0,0,0,0,252,643
ext data,47602420,0,0,0,0,237,671
ext data,47602430,0,0,0,0,236,680
ext data,47602440,0,0,0,0,256,728
ext data,47602450,0,0,0,0,286,740
ext data,47602460,0,0,0,0,331,712
ext data,47602470,0,0,0,0,372,702
ext data,47602480,0,0,0,0,408,700
ext data,47602490,0,0,0,0,448,709
ext data,47602500,0,0,0,0,481,678
ext data,47602510,0,0,0,0,460,669
ext data,47602520,0,0,0,0,556,923
ext data,47602530,0,0,0,0,678,1167
ext data,47602540,0,0,0,0,739,1238
ext data,47602550,0,0,0,0,707,1312
ext data,47602560,0,0,0,0,691,1336
ext data,47602570,0,0,0,0,656,1308
ext data,47602580,0,0,0,0,672,1279
ext data,47602590,0,0,0,0,674,1185
ext data,47602600,0,0,0,0,649,1171
ext data,47602610,0,0,0,0,651,1051
ext data,47602620,0,0,0,0,657,955
ext data,47602630,0,0,0,0,636,928
ext data,47602640,0,0,0,0,594,945
ext data,47602650,0,0,0,0,542,917
ext data,47602660,0,0,0,0,496,821
ext data,47602670,0,0,0,0,440,788
ext data,47602680,0,0,0,0,379,937
ext data,47602690,0,0,0,0,341,1011
ext data,47602700,0,0,0,0,355,959
ext data,47602710,0,0,0,0,371,856
ext data,47602720,0,0,0,0,402,810
ext data,47602730,0,0,0,0,422,898
ext data,47602740,0,0,0,0,424,972
ext data,47602750,0,0,0,0,424,946
ext data,47602760,0,0,0,0,390,831
ext data,47602770,0,0,0,0,347,729
ext data,47602780,0,0,0,0,307,716
ext data,47602790,0,0,0,0,289,837
ext data,47602800,0,0,0,0,301,830
ext data,47602810,0,0,0,0,338,802
ext data,47602820,0,0,0,0,393,833
ext data,47602830,0,0,0,0,405,865
ext data,47602840,0,0,0,0,390,856
ext data,47602850,0,0,0,0,356,832
ext data,47602860,0,0,0,0,389,803
ext data,47602870,0,0,0,0,502,918
ext data,47602880,0,0,0,0,651,1087
ext data,47602890,0,0,0,0,783,1084
ext data,47602900,0,0,0,0,779,1175
ext data,47602910,0,0,0,0,744,1238
ext data,47602920,0,0,0,0,712,1258
ext data,47602930,0,0,0,0,684,1190
ext data,47602940,0,0,0,0,687,1150
ext data,47602950,0,0,0,0,705,1094
ext data,47602960,0,0,0,0,707,1026
ext data,47602970,0,0,0,0,686,945
ext data,47602980,0,0,0,0,637,873
ext data,47602990,0,0,0,0,629,818
ext data,47603000,0,0,0,0,611,776
ext data,47603010,0,0,0,0,579,808
ext data,47603020,0,0,0,0,550,770
ext data,47603030,0,0,0,0,546,793
ext data,47603040,0,0,0,0,526,819
ext data,47603050,0,0,0,0,498,765
ext data,47603060,0,0,0,0,462,810
ext data,47603070,0,0,0,0,441,992
ext data,47603080,0,0,0,0,429,1099
ext data,47603090,0,0,0,0,431,995
ext data,47603100,0,0,0,0,388,985
ext data,47603110,0,0,0,0,357,905
ext data,47603120,0,0,0,0,347,832
ext data,47603130,0,0,0,0,320,768
ext data,47603140,0,0,0,0,300,702
ext data,47603150,0,0,0,0,292,703
ext data,47603160,0,0,0,0,290,806
ext data,47603170,0,0,0,0,306,870
ext data,47603180,0,0,0,0,294,839
ext data,47603190,0,0,0,0,298,908
ext data,47603200,0,0,0,0,298,1110
ext data,47603210,0,0,0,0,317,1059
ext data,47603220,0,0,0,0,353,999
ext data,47603230,0,0,0,0,441,966
ext data,47603240,0,0,0,0,742,1223
ext data,47603250,0,0,0,0,951,1242
ext data,47603260,0,0,0,0,994,1224
ext data,47603270,0,0,0,0,939,1233
ext data,47603280,0,0,0,0,868,1235
ext data,47603290,0,0,0,0,806,1286
ext data,47603300,0,0,0,0,774,1268
ext data,47603310,0,0,0,0,759,1236
ext data,47603320,0,0,0,0,765,1164
ext data,47603330,0,0,0,0,741,1188
ext data,47603340,0,0,0,0,719,1281
ext data,47603350,0,0,0,0,688,1340
ext data,47603360,0,0,0,0,648,1310
ext data,47603370,0,0,0,0,612,1194
ext data,47603380,0,0,0,0,599,1065
ext data,47603390,0,0,0,0,592,1076
ext data,47603400,0,0,0,0,581,1163
ext data,47603410,0,0,0,0,586,1169
ext data,47603420,0,0,0,0,551,1195
ext data,47603430,0,0,0,0,529,1229
ext data,47603440,0,0,0,0,532,1252
ext data,47603450,0,0,0,0,498,1260
ext data,47603460,0,0,0,0,464,1231
ext data,47603470,0,0,0,0,447,1212
ext data,47603480,0,0,0,0,390,1215
ext data,47603490,0,0,0,0,350,1091
ext data,47603500,0,0,0,0,332,1104
ext data,47603510,0,0,0,0,333,1065
ext data,47603520,0,0,0,0,352,1109
ext data,47603530,0,0,0,0,368,1199
ext data,47603540,0,0,0,0,400,1282
ext data,47603550,0,0,0,0,451,1334
ext data,47603560,0,0,0,0,468,1401
ext data,47603570,0,0,0,0,467,1201
ext data,47603580,0,0,0,0,514,1140
ext data,47603590,0,0,0,0,675,1232
ext data,47603600,0,0,0,0,759,1201
ext data,47603610,0,0,0,0,764,1179
ext data,47603620,0,0,0,0,752,1219
ext data,47603630,0,0,0,0,732,1367
ext data,47603640,0,0,0,0,724,1323
ext data,47603650,0,0,0,0,714,1384
ext data,47603660,0,0,0,0,689,1440
ext data,47603670,0,0,0,0,679,1436
ext data,47603680,0,0,0,0,670,1319
ext data,47603690,0,0,0,0,664,1283
ext data,47603700,0,0,0,0,633,1248
ext data,47603710,0,0,0,0,606,1238
ext data,47603720,0,0,0,0,599,1226
ext data,47603730,0,0,0,0,568,1259
ext data,47603740,0,0,0,0,549,1124
ext data,47603750,0,0,0,0,551,1214
ext data,47603760,0,0,0,0,547,1284
ext data,47603770,0,0,0,0,527,1292
ext data,47603780,0,0,0,0,501,1264
ext data,47603790,0,0,0,0,469,1164
ext data,47603800,0,0,0,0,428,1142
ext data,47603810,0,0,0,0,386,1089
ext data,47603820,0,0,0,0,362,1106
ext data,47603830,0,0,0,0,354,1068
ext data,47603840,0,0,0,0,342,1020
ext data,47603850,0,0,0,0,366,983
ext data,47603860,0,0,0,0,355,938
ext data,47603870,0,0,0,0,351,942
ext data,47603880,0,0,0,0,342,927
ext data,47603890,0,0,0,0,332,980
ext data,47603900,0,0,0,0,328,1060
ext data,47603910,0,0,0,0,320,1130
ext data,47603920,0,0,0,0,338,1179
ext data,47603930,0,0,0,0,380,1181
ext data,47603940,0,0,0,0,441,1007
ext data,47603950,0,0,0,0,637,1099
ext data,47603960,0,0,0,0,791,1316
ext data,47603970,0,0,0,0,847,1468
ext data,47603980,0,0,0,0,847,1472
ext data,47603990,0,0,0,0,825,1554
ext data,47604000,0,0,0,0,795,1397
ext data,47604010,0,0,0,0,741,1311
ext data,47604020,0,0,0,0,715,1192
ext data,47604030,0,0,0,0,680,1136
ext data,47604040,0,0,0,0,680,1186
ext data,47604050,0,0,0,0,686,1244
ext data,47604060,0,0,0,0,690,1181
ext data,47604070,0,0,0,0,672,1040
ext data,47604080,0,0,0,0,654,1066
ext data,47604090,0,0,0,0,644,1054
ext data,47604100,0,0,0,0,665,981
ext data,47604110,0,0,0,0,643,905
ext data,47604120,0,0,0,0,623,855
ext data,47604130,0,0,0,0,568,772
ext data,47604140,0,0,0,0,548,744
ext data,47604150,0,0,0,0,546,750
ext data,47604160,0,0,0,0,525,758
ext data,47604170,0,0,0,0,489,751
ext data,47604180,0,0,0,0,441,894
ext data,47604190,0,0,0,0,402,975
ext data,47604200,0,0,0,0,363,1003
ext data,47604210,0,0,0,0,329,1042
ext data,47604220,0,0,0,0,315,1090
ext data,47604230,0,0,0,0,309,1115
ext data,47604240,0,0,0,0,298,1097
ext data,47604250,0,0,0,0,287,1139
ext data,47604260,0,0,0,0,282,1080
ext data,47604270,0,0,0,0,281,1044
ext data,47604280,0,0,0,0,285,1054
ext data,47604290,0,0,0,0,286,927
ext data,47604300,0,0,0,0,250,798
ext data,47604310,0,0,0,0,318,777
ext data,47604320,0,0,0,0,410,906
ext data,47604330,0,0,0,0,445,982
ext data,47604340,0,0,0,0,438,1003
ext data,47604350,0,0,0,0,444,913
ext data,47604360,0,0,0,0,442,922
ext data,47604370,0,0,0,0,439,885
ext data,47604380,0,0,0,0,483,939
ext data,47604390,0,0,0,0,472,932
ext data,47604400,0,0,0,0,442,906
ext data,47604410,0,0,0,0,405,926
ext data,47604420,0,0,0,0,378,912
ext data,47604430,0,0,0,0,372,871
ext data,47604440,0,0,0,0,359,900
ext data,47604450,0,0,0,0,356,925
ext data,47604460,0,0,0,0,345,995
ext data,47604470,0,0,0,0,339,1057
ext data,47604480,0,0,0,0,339,1076
ext data,47604490,0,0,0,0,335,1064
ext data,47604500,0,0,0,0,332,980
ext data,47604510,0,0,0,0,341,888
ext data,47604520,0,0,0,0,355,835
ext data,47604530,0,0,0,0,368,798
ext data,47604540,0,0,0,0,351,779
ext data,47604550,0,0,0,0,347,757
ext data,47604560,0,0,0,0,343,738
ext data,47604570,0,0,0,0,359,705
ext data,47604580,0,0,0,0,362,741
ext data,47604590,0,0,0,0,369,761
ext data,47604600,0,0,0,0,388,763
ext data,47604610,0,0,0,0,414,728
ext data,47604620,0,0,0,0,414,581
ext data,47604630,0,0,0,0,506,653
ext data,47604640,0,0,0,0,619,638
ext data,47604650,0,0,0,0,649,708
ext data,47604660,0,0,0,0,648,853
ext data,47604670,0,0,0,0,654,955
ext data,47604680,0,0,0,0,619,928
ext data,47604690,0,0,0,0,587,902
ext data,47604700,0,0,0,0,575,842
ext data,47604710,0,0,0,0,564,880
ext data,47604720,0,0,0,0,567,824
ext data,47604730,0,0,0,0,551,788
ext data,47604740,0,0,0,0,534,852
ext data,47604750,0,0,0,0,507,939
ext data,47604760,0,0,0,0,491,937
ext data,47604770,0,0,0,0,477,938
ext data,47604780,0,0,0,0,481,1003
ext data,47604790,0,0,0,0,439,949
ext data,47604800,0,0,0,0,424,953
ext data,47604810,0,0,0,0,400,1016
ext data,47604820,0,0,0,0,382,1047
ext data,47604830,0,0,0,0,398,1005
ext data,47604840,0,0,0,0,419,848
ext data,47604850,0,0,0,0,421,810
ext data,47604860,0,0,0,0,435,808
ext data,47604870,0,0,0,0,452,911
ext data,47604880,0,0,0,0,455,988
ext data,47604890,0,0,0,0,435,1049
ext data,47604900,0,0,0,0,418,1049
ext data,47604910,0,0,0,0,437,1074
ext data,47604920,0,0,0,0,467,928
ext data,47604930,0,0,0,0,487,998
ext data,47604940,0,0,0,0,482,1055
ext data,47604950,0,0,0,0,483,999
ext data,47604960,0,0,0,0,503,927
ext data,47604970,0,0,0,0,460,797
ext data,47604980,0,0,0,0,462,767
ext data,47604990,0,0,0,0,497,765
ext data,47605000,0,0,0,0,533,678
ext data,47605010,0,0,0,0,542,740
ext data,47605020,0,0,0,0,541,870
ext data,47605030,0,0,0,0,530,934
ext data,47605040,0,0,0,0,511,1001
ext data,47605050,0,0,0,0,492,1079
ext data,47605060,0,0,0,0,457,1103
ext data,47605070,0,0,0,0,427,1041
ext data,47605080,0,0,0,0,389,1025
ext data,47605090,0,0,0,0,347,1041
ext data,47605100,0,0,0,0,326,1095
ext data,47605110,0,0,0,0,291,1112
ext data,47605120,0,0,0,0,270,1078
ext data,47605130,0,0,0,0,260,934
ext data,47605140,0,0,0,0,248,824
ext data,47605150,0,0,0,0,241,685
ext data,47605160,0,0,0,0,232,649
ext data,47605170,0,0,0,0,228,783
ext data,47605180,0,0,0,0,209,878
ext data,47605190,0,0,0,0,197,928
ext data,47605200,0,0,0,0,224,869
ext data,47605210,0,0,0,0,257,903
ext data,47605220,0,0,0,0,316,946
ext data,47605230,0,0,0,0,356,976
ext data,47605240,0,0,0,0,361,991
ext data,47605250,0,0,0,0,390,994
ext data,47605260,0,0,0,0,416,1077
ext data,47605270,0,0,0,0,416,1081
ext data,47605280,0,0,0,0,404,1094
ext data,47605290,0,0,0,0,389,1137
ext data,47605300,0,0,0,0,363,1124
ext data,47605310,0,0,0,0,353,1139
ext data,47605320,0,0,0,0,395,1045
ext data,47605330,0,0,0,0,486,809
ext data,47605340,0,0,0,0,647,647
ext data,47605350,0,0,0,0,869,704
ext data,47605360,0,0,0,0,976,716
ext data,47605370,0,0,0,0,1001,727
ext data,47605380,0,0,0,0,983,891
ext data,47605390,0,0,0,0,913,912
ext data,47605400,0,0,0,0,833,825
ext data,47605410,0,0,0,0,777,774
ext data,47605420,0,0,0,0,736,809
ext data,47605430,0,0,0,0,700,808
ext data,47605440,0,0,0,0,668,721
ext data,47605450,0,0,0,0,632,636
ext data,47605460,0,0,0,0,592,590
ext data,47605470,0,0,0,0,560,660
ext data,47605480,0,0,0,0,513,770
ext data,47605490,0,0,0,0,488,761
ext data,47605500,0,0,0,0,454,643
ext data,47605510,0,0,0,0,415,514
ext data,47605520,0,0,0,0,394,429
ext data,47605530,0,0,0,0,376,359
ext data,47605540,0,0,0,0,363,304
ext data,47605550,0,0,0,0,366,254
ext data,47605560,0,0,0,0,368,207
ext data,47605570,0,0,0,0,369,170
ext data,47605580,0,0,0,0,378,139
ext data,47605590,0,0,0,0,385,118
ext data,47605600,0,0,0,0,373,97
ext data,47605610,0,0,0,0,377,78
ext data,47605620,0,0,0,0,365,63
ext data,47605630,0,0,0,0,346,52
ext data,47605640,0,0,0,0,341,41
ext data,47605650,0,0,0,0,335,34
ext data,47605660,0,0,0,0,346,27
ext data,47605670,0,0,0,0,340,21
ext data,47605680,0,0,0,0,359,17
ext data,47605690,0,0,0,0,378,13
ext data,47605700,0,0,0,0,403,11
ext data,47605710,0,0,0,0,436,9
ext data,47605720,0,0,0,0,468,7
ext data,47605730,0,0,0,0,491,6
ext data,47605740,0,0,0,0,485,5
ext data,47605750,0,0,0,0,485,4
ext data,47605760,0,0,0,0,486,4
ext data,47605770,0,0,0,0,490,5
ext data,47605780,0,0,0,0,502,6
ext data,47605790,0,0,0,0,501,7
ext data,47605800,0,0,0,0,509,6
ext data,47605810,0,0,0,0,514,6
ext data,47605820,0,0,0,0,505,6
ext data,47605830,0,0,0,0,505,13
ext data,47605840,0,0,0,0,502,24
ext data,47605850,0,0,0,0,500,46
ext data,47605860,0,0,0,0,509,92
ext data,47605870,0,0,0,0,496,78
ext data,47605880,0,0,0,0,442,75
ext data,47605890,0,0,0,0,393,65
ext data,47605900,0,0,0,0,349,54
ext data,47605910,0,0,0,0,334,42
ext data,47605920,0,0,0,0,313,35
ext data,47605930,0,0,0,0,292,27
ext data,47605940,0,0,0,0,293,4
ext data,47605950,0,0,0,0,287,0
ext data,47605960,0,0,0,0,274,0
ext data,47605970,0,0,0,0,287,0
ext data,47605980,0,0,0,0,280,0
ext data,47605990,0,0,0,0,289,0
ext data,47606000,0,0,0,0,312,0
ext data,47606010,0,0,0,0,322,0
ext data,47606020,0,0,0,0,335,0
ext data,47606030,0,0,0,0,334,1
ext data,47606040,0,0,0,0,333,4
ext data,47606050,0,0,0,0,330,6
ext data,47606060,0,0,0,0,338,18
ext data,47606070,0,0,0,0,339,52
ext data,47606080,0,0,0,0,350,110
ext data,47606090,0,0,0,0,346,127
ext data,47606100,0,0,0,0,329,117
ext data,47606110,0,0,0,0,326,94
ext data,47606120,0,0,0,0,340,73
ext data,47606130,0,0,0,0,346,57
ext data,47606140,0,0,0,0,314,44
ext data,47606150,0,0,0,0,292,34
ext data,47606160,0,0,0,0,280,26
ext data,47606170,0,0,0,0,263,20
ext data,47606180,0,0,0,0,248,16
ext data,47606190,0,0,0,0,235,14
ext data,47606200,0,0,0,0,234,11
ext data,47606210,0,0,0,0,233,8
ext data,47606220,0,0,0,0,227,7
ext data,47606230,0,0,0,0,225,8
ext data,47606240,0,0,0,0,244,9
ext data,47606250,0,0,0,0,260,26
ext data,47606260,0,0,0,0,256,48
ext data,47606270,0,0,0,0,244,96
ext data,47606280,0,0,0,0,236,110
ext data,47606290,0,0,0,0,232,211
ext data,47606300,0,0,0,0,227,306
ext data,47606310,0,0,0,0,213,394
ext data,47606320,0,0,0,0,200,391
ext data,47606330,0,0,0,0,201,323
ext data,47606340,0,0,0,0,207,303
ext data,47606350,0,0,0,0,215,357
ext data,47606360,0,0,0,0,221,402
ext data,47606370,0,0,0,0,224,432
ext data,47606380,0,0,0,0,243,460
ext data,47606390,0,0,0,0,252,484
ext data,47606400,0,0,0,0,258,470
ext data,47606410,0,0,0,0,262,418
ext data,47606420,0,0,0,0,249,378
ext data,47606430,0,0,0,0,234,347
ext data,47606440,0,0,0,0,215,308
ext data,47606450,0,0,0,0,213,262
ext data,47606460,0,0,0,0,217,221
ext data,47606470,0,0,0,0,226,187
ext data,47606480,0,0,0,0,227,159
ext data,47606490,0,0,0,0,232,122
ext data,47606500,0,0,0,0,231,95
ext data,47606510,0,0,0,0,225,73
ext data,47606520,0,0,0,0,215,56
ext data,47606530,0,0,0,0,211,43
ext data,47606540,0,0,0,0,205,34
ext data,47606550,0,0,0,0,196,26
ext data,47606560,0,0,0,0,191,21
ext data,47606570,0,0,0,0,192,16
ext data,47606580,0,0,0,0,189,13
ext data,47606590,0,0,0,0,180,14
ext data,47606600,0,0,0,0,183,12
ext data,47606610,0,0,0,0,189,9
ext data,47606620,0,0,0,0,193,7
ext data,47606630,0,0,0,0,193,6
ext data,47606640,0,0,0,0,194,5
ext data,47606650,0,0,0,0,197,4
ext data,47606660,0,0,0,0,192,3
ext data,47606670,0,0,0,0,194,3
ext data,47606680,0,0,0,0,195,2
ext data,47606690,0,0,0,0,198,2
ext data,47606700,0,0,0,0,195,1
ext data,47606710,0,0,0,0,179,1
ext data,47606720,0,0,0,0,179,1
ext data,47606730,0,0,0,0,178,2
ext data,47606740,0,0,0,0,176,3
ext data,47606750,0,0,0,0,176,7
ext data,47606760,0,0,0,0,171,6
ext data,47606770,0,0,0,0,173,5
ext data,47606780,0,0,0,0,175,4
ext data,47606790,0,0,0,0,186,3
ext data,47606800,0,0,0,0,192,2
ext data,47606810,0,0,0,0,194,2
ext data,47606820,0,0,0,0,204,1
ext data,47606830,0,0,0,0,204,1
ext data,47606840,0,0,0,0,192,1
ext data,47606850,0,0,0,0,180,0
ext data,47606860,0,0,0,0,173,0
ext data,47606870,0,0,0,0,164,0
ext data,47606880,0,0,0,0,158,0
ext data,47606890,0,0,0,0,153,0
ext data,47606900,0,0,0,0,156,0
ext data,47606910,0,0,0,0,154,0
ext data,47606920,0,0,0,0,150,0
ext data,47606930,0,0,0,0,145,0
ext data,47606940,0,0,0,0,146,0
ext data,47606950,0,0,0,0,150,0
ext data,47606960,0,0,0,0,149,0
ext data,47606970,0,0,0,0,149,2
ext data,47606980,0,0,0,0,147,5
ext data,47606990,0,0,0,0,154,5
ext data,47607000,0,0,0,0,166,5
ext data,47607010,0,0,0,0,163,4
ext data,47607020,0,0,0,0,168,3
ext data,47607030,0,0,0,0,154,11
ext data,47607040,0,0,0,0,155,17
ext data,47607050,0,0,0,0,148,19
ext data,47607060,0,0,0,0,145,19
ext data,47607070,0,0,0,0,156,24
ext data,47607080,0,0,0,0,158,26
ext data,47607090,0,0,0,0,162,26
ext data,47607100,0,0,0,0,162,38
ext data,47607110,0,0,0,0,170,38
ext data,47607120,0,0,0,0,181,36
ext data,47607130,0,0,0,0,174,42
ext data,47607140,0,0,0,0,168,40
ext data,47607150,0,0,0,0,173,70
ext data,47607160,0,0,0,0,181,94
ext data,47607170,0,0,0,0,186,99
ext data,47607180,0,0,0,0,177,165
ext data,47607190,0,0,0,0,166,137
ext data,47607200,0,0,0,0,179,146
ext data,47607210,0,0,0,0,182,219
ext data,47607220,0,0,0,0,178,280
ext data,47607230,0,0,0,0,175,304
ext data,47607240,0,0,0,0,181,306
ext data,47607250,0,0,0,0,186,274
ext data,47607260,0,0,0,0,183,276
ext data,47607270,0,0,0,0,187,307
ext data,47607280,0,0,0,0,184,321
ext data,47607290,0,0,0,0,180,289
ext data,47607300,0,0,0,0,181,292
ext data,47607310,0,0,0,0,184,297
ext data,47607320,0,0,0,0,189,306
ext data,47607330,0,0,0,0,185,317
ext data,47607340,0,0,0,0,187,327
ext data,47607350,0,0,0,0,192,310
ext data,47607360,0,0,0,0,189,320
ext data,47607370,0,0,0,0,181,316
ext data,47607380,0,0,0,0,158,307
ext data,47607390,0,0,0,0,139,263
ext data,47607400,0,0,0,0,124,248
ext data,47607410,0,0,0,0,112,252
ext data,47607420,0,0,0,0,109,262
ext data,47607430,0,0,0,0,113,277
ext data,47607440,0,0,0,0,114,281
ext data,47607450,0,0,0,0,125,281
ext data,47607460,0,0,0,0,146,271
ext data,47607470,0,0,0,0,161,243
ext data,47607480,0,0,0,0,171,242
ext data,47607490,0,0,0,0,178,247
ext data,47607500,0,0,0,0,183,260
ext data,47607510,0,0,0,0,189,240
ext data,47607520,0,0,0,0,198,232
ext data,47607530,0,0,0,0,200,228
ext data,47607540,0,0,0,0,195,232
ext data,47607550,0,0,0,0,181,235
ext data,47607560,0,0,0,0,169,236
ext data,47607570,0,0,0,0,168,242
ext data,47607580,0,0,0,0,169,230
ext data,47607590,0,0,0,0,169,191
ext data,47607600,0,0,0,0,164,157
ext data,47607610,0,0,0,0,167,130
ext data,47607620,0,0,0,0,171,111
ext data,47607630,0,0,0,0,177,99
ext data,47607640,0,0,0,0,192,85
ext data,47607650,0,0,0,0,200,78
ext data,47607660,0,0,0,0,205,64
ext data,47607670,0,0,0,0,213,56
ext data,47607680,0,0,0,0,218,49
ext data,47607690,0,0,0,0,222,43
ext data,47607700,0,0,0,0,225,38
ext data,47607710,0,0,0,0,226,34
ext data,47607720,0,0,0,0,222,30
ext data,47607730,0,0,0,0,212,27
ext data,47607740,0,0,0,0,206,28
ext data,47607750,0,0,0,0,199,34
ext data,47607760,0,0,0,0,186,40
ext data,47607770,0,0,0,0,174,42
ext data,47607780,0,0,0,0,162,44
ext data,47607790,0,0,0,0,158,44
ext data,47607800,0,0,0,0,157,45
ext data,47607810,0,0,0,0,160,46
ext data,47607820,0,0,0,0,171,45
ext data,47607830,0,0,0,0,181,54
ext data,47607840,0,0,0,0,188,116
ext data,47607850,0,0,0,0,191,157
ext data,47607860,0,0,0,0,193,188
ext data,47607870,0,0,0,0,187,211
ext data,47607880,0,0,0,0,172,199
ext data,47607890,0,0,0,0,164,175
ext data,47607900,0,0,0,0,163,158
ext data,47607910,0,0,0,0,167,132
ext data,47607920,0,0,0,0,171,119
ext data,47607930,0,0,0,0,162,154
ext data,47607940,0,0,0,0,150,183
ext data,47607950,0,0,0,0,147,211
ext data,47607960,0,0,0,0,144,230
ext data,47607970,0,0,0,0,145,246
ext data,47607980,0,0,0,0,146,277
ext data,47607990,0,0,0,0,145,258
ext data,47608000,0,0,0,0,142,223
ext data,47608010,0,0,0,0,130,191
ext data,47608020,0,0,0,0,120,202
ext data,47608030,0,0,0,0,112,209
ext data,47608040,0,0,0,0,121,189
ext data,47608050,0,0,0,0,136,163
ext data,47608060,0,0,0,0,152,135
ext data,47608070,0,0,0,0,173,125
ext data,47608080,0,0,0,0,189,129
ext data,47608090,0,0,0,0,204,135
ext data,47608100,0,0,0,0,216,162
ext data,47608110,0,0,0,0,225,190
ext data,47608120,0,0,0,0,232,209
ext data,47608130,0,0,0,0,231,203
ext data,47608140,0,0,0,0,232,186
ext data,47608150,0,0,0,0,230,175
ext data,47608160,0,0,0,0,222,183
ext data,47608170,0,0,0,0,218,192
ext data,47608180,0,0,0,0,211,175
ext data,47608190,0,0,0,0,213,156
ext data,47608200,0,0,0,0,218,152
ext data,47608210,0,0,0,0,217,158
ext data,47608220,0,0,0,0,209,160
ext data,47608230,0,0,0,0,198,158
ext data,47608240,0,0,0,0,188,172
ext data,47608250,0,0,0,0,178,197
ext data,47608260,0,0,0,0,169,215
ext data,47608270,0,0,0,0,164,221
ext data,47608280,0,0,0,0,158,187
ext data,47608290,0,0,0,0,154,156
ext data,47608300,0,0,0,0,151,165
ext data,47608310,0,0,0,0,148,148
ext data,47608320,0,0,0,0,149,133
ext data,47608330,0,0,0,0,151,146
ext data,47608340,0,0,0,0,154,156
ext data,47608350,0,0,0,0,154,162
ext data,47608360,0,0,0,0,156,178
ext data,47608370,0,0,0,0,160,277
ext data,47608380,0,0,0,0,158,272
ext data,47608390,0,0,0,0,155,232
ext data,47608400,0,0,0,0,150,207
ext data,47608410,0,0,0,0,146,169
ext data,47608420,0,0,0,0,143,132
ext data,47608430,0,0,0,0,138,110
ext data,47608440,0,0,0,0,141,169
ext data,47608450,0,0,0,0,145,148
ext data,47608460,0,0,0,0,149,127
ext data,47608470,0,0,0,0,147,115
ext data,47608480,0,0,0,0,143,115
ext data,47608490,0,0,0,0,143,139
ext data,47608500,0,0,0,0,147,180
ext data,47608510,0,0,0,0,142,215
ext data,47608520,0,0,0,0,139,231
ext data,47608530,0,0,0,0,131,238
ext data,47608540,0,0,0,0,129,249
ext data,47608550,0,0,0,0,127,262
ext data,47608560,0,0,0,0,122,272
ext data,47608570,0,0,0,0,111,282
ext data,47608580,0,0,0,0,102,265
ext data,47608590,0,0,0,0,94,211
ext data,47608600,0,0,0,0,91,166
ext data,47608610,0,0,0,0,90,131
ext data,47608620,0,0,0,0,94,108
ext data,47608630,0,0,0,0,94,95
ext data,47608640,0,0,0,0,96,83
ext data,47608650,0,0,0,0,99,74
ext data,47608660,0,0,0,0,97,64
ext data,47608670,0,0,0,0,100,52
ext data,47608680,0,0,0,0,106,42
ext data,47608690,0,0,0,0,111,33
ext data,47608700,0,0,0,0,114,27
ext data,47608710,0,0,0,0,121,22
ext data,47608720,0,0,0,0,128,18
ext data,47608730,0,0,0,0,135,16
ext data,47608740,0,0,0,0,143,13
ext data,47608750,0,0,0,0,149,11
ext data,47608760,0,0,0,0,153,10
ext data,47608770,0,0,0,0,157,8
ext data,47608780,0,0,0,0,159,7
ext data,47608790,0,0,0,0,160,6
ext data,47608800,0,0,0,0,161,6
ext data,47608810,0,0,0,0,163,6
ext data,47608820,0,0,0,0,159,5
ext data,47608830,0,0,0,0,151,10
ext data,47608840,0,0,0,0,146,20
ext data,47608850,0,0,0,0,142,28
ext data,47608860,0,0,0,0,137,36
ext data,47608870,0,0,0,0,133,54
ext data,47608880,0,0,0,0,135,80
ext data,47608890,0,0,0,0,140,64
ext data,47608900,0,0,0,0,146,52
ext data,47608910,0,0,0,0,149,43
ext data,47608920,0,0,0,0,154,36
ext data,47608930,0,0,0,0,155,32
ext data,47608940,0,0,0,0,159,28
ext data,47608950,0,0,0,0,164,26
ext data,47608960,0,0,0,0,166,24
ext data,47608970,0,0,0,0,162,21
ext data,47608980,0,0,0,0,154,20
ext data,47608990,0,0,0,0,151,18
ext data,47609000,0,0,0,0,148,15
ext data,47609010,0,0,0,0,147,14
ext data,47609020,0,0,0,0,143,14
ext data,47609030,0,0,0,0,145,12
ext data,47609040,0,0,0,0,152,9
ext data,47609050,0,0,0,0,163,10
ext data,47609060,0,0,0,0,173,9
ext data,47609070,0,0,0,0,180,8
ext data,47609080,0,0,0,0,182,9
ext data,47609090,0,0,0,0,185,8
ext data,47609100,0,0,0,0,187,8
ext data,47609110,0,0,0,0,187,9
ext data,47609120,0,0,0,0,186,8
ext data,47609130,0,0,0,0,178,7
ext data,47609140,0,0,0,0,172,70
